Domain Code,Domain,Area Code,Area,Element Code,Element,Item Code,Item,Year Code,Year,Unit,Value,Flag,Flag Description
"QL","Livestock Primary","231","United States of America","5322","Production","944","Meat indigenous, cattle","1980","1980","Head","36182022","","Official data"
"QL","Livestock Primary","231","United States of America","5322","Production","944","Meat indigenous, cattle","1981","1981","Head","37577629","","Official data"
"QL","Livestock Primary","231","United States of America","5322","Production","944","Meat indigenous, cattle","1982","1982","Head","38311114","","Official data"
"QL","Livestock Primary","231","United States of America","5322","Production","944","Meat indigenous, cattle","1983","1983","Head","39271961","","Official data"
"QL","Livestock Primary","231","United States of America","5322","Production","944","Meat indigenous, cattle","1984","1984","Head","40587570","","Official data"
"QL","Livestock Primary","231","United States of America","5322","Production","944","Meat indigenous, cattle","1985","1985","Head","39336935","","Official data"
"QL","Livestock Primary","231","United States of America","5322","Production","944","Meat indigenous, cattle","1986","1986","Head","39817786","","Official data"
"QL","Livestock Primary","231","United States of America","5322","Production","944","Meat indigenous, cattle","1987","1987","Head","37722470","","Official data"
"QL","Livestock Primary","231","United States of America","5322","Production","944","Meat indigenous, cattle","1988","1988","Head","36916931","","Official data"
"QL","Livestock Primary","231","United States of America","5322","Production","944","Meat indigenous, cattle","1989","1989","Head","35039507","","Official data"
"QL","Livestock Primary","231","United States of America","5322","Production","944","Meat indigenous, cattle","1990","1990","Head","33261999","","Official data"
"QL","Livestock Primary","231","United States of America","5322","Production","944","Meat indigenous, cattle","1991","1991","Head","32746493","","Official data"
"QL","Livestock Primary","231","United States of America","5322","Production","944","Meat indigenous, cattle","1992","1992","Head","32556000","","Official data"
"QL","Livestock Primary","231","United States of America","5322","Production","944","Meat indigenous, cattle","1993","1993","Head","32400308","","Official data"
"QL","Livestock Primary","231","United States of America","5322","Production","944","Meat indigenous, cattle","1994","1994","Head","33840852","","Official data"
"QL","Livestock Primary","231","United States of America","5322","Production","944","Meat indigenous, cattle","1995","1995","Head","34602484","","Official data"
"QL","Livestock Primary","231","United States of America","5322","Production","944","Meat indigenous, cattle","1996","1996","Head","36782862","","Official data"
"QL","Livestock Primary","231","United States of America","5322","Production","944","Meat indigenous, cattle","1997","1997","Head","36345118","","Official data"
"QL","Livestock Primary","231","United States of America","5322","Production","944","Meat indigenous, cattle","1998","1998","Head","35386590","","Official data"
"QL","Livestock Primary","231","United States of America","5322","Production","944","Meat indigenous, cattle","1999","1999","Head","36021871","","Official data"
"QL","Livestock Primary","231","United States of America","5322","Production","944","Meat indigenous, cattle","2000","2000","Head","35878385","","Official data"
"QL","Livestock Primary","231","United States of America","5322","Production","944","Meat indigenous, cattle","2001","2001","Head","34816990","","Official data"
"QL","Livestock Primary","231","United States of America","5322","Production","944","Meat indigenous, cattle","2002","2002","Head","34708115","","Official data"
"QL","Livestock Primary","231","United States of America","5322","Production","944","Meat indigenous, cattle","2003","2003","Head","35034568","","Official data"
"QL","Livestock Primary","231","United States of America","5322","Production","944","Meat indigenous, cattle","2004","2004","Head","32415468","","Official data"
"QL","Livestock Primary","231","United States of America","5322","Production","944","Meat indigenous, cattle","2005","2005","Head","31514029","","Official data"
"QL","Livestock Primary","231","United States of America","5322","Production","944","Meat indigenous, cattle","2006","2006","Head","31597726","","Official data"
"QL","Livestock Primary","231","United States of America","5322","Production","944","Meat indigenous, cattle","2007","2007","Head","31270545","","Official data"
"QL","Livestock Primary","231","United States of America","5322","Production","944","Meat indigenous, cattle","2008","2008","Head","33300992","","Official data"
"QL","Livestock Primary","231","United States of America","5322","Production","944","Meat indigenous, cattle","2009","2009","Head","32498294","","Official data"
"QL","Livestock Primary","231","United States of America","5322","Production","944","Meat indigenous, cattle","2010","2010","Head","33105228","","Official data"
"QL","Livestock Primary","231","United States of America","5322","Production","944","Meat indigenous, cattle","2011","2011","Head","33175194","","Official data"
"QL","Livestock Primary","231","United States of America","5322","Production","944","Meat indigenous, cattle","2012","2012","Head","31941394","","Official data"
"QL","Livestock Primary","231","United States of America","5322","Production","944","Meat indigenous, cattle","2013","2013","Head","31421694","","Official data"
"QL","Livestock Primary","231","United States of America","5417","Yield/Carcass Weight","944","Meat indigenous, cattle","1980","1980","hg/An","2743","Fc","Calculated data"
"QL","Livestock Primary","231","United States of America","5417","Yield/Carcass Weight","944","Meat indigenous, cattle","1981","1981","hg/An","2714","Fc","Calculated data"
"QL","Livestock Primary","231","United States of America","5417","Yield/Carcass Weight","944","Meat indigenous, cattle","1982","1982","hg/An","2689","Fc","Calculated data"
"QL","Livestock Primary","231","United States of America","5417","Yield/Carcass Weight","944","Meat indigenous, cattle","1983","1983","hg/An","2707","Fc","Calculated data"
"QL","Livestock Primary","231","United States of America","5417","Yield/Carcass Weight","944","Meat indigenous, cattle","1984","1984","hg/An","2667","Fc","Calculated data"
"QL","Livestock Primary","231","United States of America","5417","Yield/Carcass Weight","944","Meat indigenous, cattle","1985","1985","hg/An","2767","Fc","Calculated data"
"QL","Livestock Primary","231","United States of America","5417","Yield/Carcass Weight","944","Meat indigenous, cattle","1986","1986","hg/An","2800","Fc","Calculated data"
"QL","Livestock Primary","231","United States of America","5417","Yield/Carcass Weight","944","Meat indigenous, cattle","1987","1987","hg/An","2846","Fc","Calculated data"
"QL","Livestock Primary","231","United States of America","5417","Yield/Carcass Weight","944","Meat indigenous, cattle","1988","1988","hg/An","2907","Fc","Calculated data"
"QL","Livestock Primary","231","United States of America","5417","Yield/Carcass Weight","944","Meat indigenous, cattle","1989","1989","hg/An","2981","Fc","Calculated data"
"QL","Livestock Primary","231","United States of America","5417","Yield/Carcass Weight","944","Meat indigenous, cattle","1990","1990","hg/An","3056","Fc","Calculated data"
"QL","Livestock Primary","231","United States of America","5417","Yield/Carcass Weight","944","Meat indigenous, cattle","1991","1991","hg/An","3124","Fc","Calculated data"
"QL","Livestock Primary","231","United States of America","5417","Yield/Carcass Weight","944","Meat indigenous, cattle","1992","1992","hg/An","3168","Fc","Calculated data"
"QL","Livestock Primary","231","United States of America","5417","Yield/Carcass Weight","944","Meat indigenous, cattle","1993","1993","hg/An","3156","Fc","Calculated data"
"QL","Livestock Primary","231","United States of America","5417","Yield/Carcass Weight","944","Meat indigenous, cattle","1994","1994","hg/An","3222","Fc","Calculated data"
"QL","Livestock Primary","231","United States of America","5417","Yield/Carcass Weight","944","Meat indigenous, cattle","1995","1995","hg/An","3227","Fc","Calculated data"
"QL","Livestock Primary","231","United States of America","5417","Yield/Carcass Weight","944","Meat indigenous, cattle","1996","1996","hg/An","3120","Fc","Calculated data"
"QL","Livestock Primary","231","United States of America","5417","Yield/Carcass Weight","944","Meat indigenous, cattle","1997","1997","hg/An","3148","Fc","Calculated data"
"QL","Livestock Primary","231","United States of America","5417","Yield/Carcass Weight","944","Meat indigenous, cattle","1998","1998","hg/An","3203","Fc","Calculated data"
"QL","Livestock Primary","231","United States of America","5417","Yield/Carcass Weight","944","Meat indigenous, cattle","1999","1999","hg/An","3266","Fc","Calculated data"
"QL","Livestock Primary","231","United States of America","5417","Yield/Carcass Weight","944","Meat indigenous, cattle","2000","2000","hg/An","3342","Fc","Calculated data"
"QL","Livestock Primary","231","United States of America","5417","Yield/Carcass Weight","944","Meat indigenous, cattle","2001","2001","hg/An","3342","Fc","Calculated data"
"QL","Livestock Primary","231","United States of America","5417","Yield/Carcass Weight","944","Meat indigenous, cattle","2002","2002","hg/An","3404","Fc","Calculated data"
"QL","Livestock Primary","231","United States of America","5417","Yield/Carcass Weight","944","Meat indigenous, cattle","2003","2003","hg/An","3355","Fc","Calculated data"
"QL","Livestock Primary","231","United States of America","5417","Yield/Carcass Weight","944","Meat indigenous, cattle","2004","2004","hg/An","3349","Fc","Calculated data"
"QL","Livestock Primary","231","United States of America","5417","Yield/Carcass Weight","944","Meat indigenous, cattle","2005","2005","hg/An","3429","Fc","Calculated data"
"QL","Livestock Primary","231","United States of America","5417","Yield/Carcass Weight","944","Meat indigenous, cattle","2006","2006","hg/An","3575","Fc","Calculated data"
"QL","Livestock Primary","231","United States of America","5417","Yield/Carcass Weight","944","Meat indigenous, cattle","2007","2007","hg/An","3553","Fc","Calculated data"
"QL","Livestock Primary","231","United States of America","5417","Yield/Carcass Weight","944","Meat indigenous, cattle","2008","2008","hg/An","3426","Fc","Calculated data"
"QL","Livestock Primary","231","United States of America","5417","Yield/Carcass Weight","944","Meat indigenous, cattle","2009","2009","hg/An","3450","Fc","Calculated data"
"QL","Livestock Primary","231","United States of America","5417","Yield/Carcass Weight","944","Meat indigenous, cattle","2010","2010","hg/An","3410","Fc","Calculated data"
"QL","Livestock Primary","231","United States of America","5417","Yield/Carcass Weight","944","Meat indigenous, cattle","2011","2011","hg/An","3396","Fc","Calculated data"
"QL","Livestock Primary","231","United States of America","5417","Yield/Carcass Weight","944","Meat indigenous, cattle","2012","2012","hg/An","3396","Fc","Calculated data"
"QL","Livestock Primary","231","United States of America","5417","Yield/Carcass Weight","944","Meat indigenous, cattle","2013","2013","hg/An","3507","Fc","Calculated data"
"QL","Livestock Primary","231","United States of America","5510","Production","944","Meat indigenous, cattle","1980","1980","tonnes","9925500","","Official data"
"QL","Livestock Primary","231","United States of America","5510","Production","944","Meat indigenous, cattle","1981","1981","tonnes","10199890","","Official data"
"QL","Livestock Primary","231","United States of America","5510","Production","944","Meat indigenous, cattle","1982","1982","tonnes","10300000","","Official data"
"QL","Livestock Primary","231","United States of America","5510","Production","944","Meat indigenous, cattle","1983","1983","tonnes","10630000","","Official data"
"QL","Livestock Primary","231","United States of America","5510","Production","944","Meat indigenous, cattle","1984","1984","tonnes","10823000","","Official data"
"QL","Livestock Primary","231","United States of America","5510","Production","944","Meat indigenous, cattle","1985","1985","tonnes","10883000","","Official data"
"QL","Livestock Primary","231","United States of America","5510","Production","944","Meat indigenous, cattle","1986","1986","tonnes","11148000","","Official data"
"QL","Livestock Primary","231","United States of America","5510","Production","944","Meat indigenous, cattle","1987","1987","tonnes","10734000","","Official data"
"QL","Livestock Primary","231","United States of America","5510","Production","944","Meat indigenous, cattle","1988","1988","tonnes","10732000","","Official data"
"QL","Livestock Primary","231","United States of America","5510","Production","944","Meat indigenous, cattle","1989","1989","tonnes","10444000","*","Unofficial figure"
"QL","Livestock Primary","231","United States of America","5510","Production","944","Meat indigenous, cattle","1990","1990","tonnes","10166000","*","Unofficial figure"
"QL","Livestock Primary","231","United States of America","5510","Production","944","Meat indigenous, cattle","1991","1991","tonnes","10230003","*","Unofficial figure"
"QL","Livestock Primary","231","United States of America","5510","Production","944","Meat indigenous, cattle","1992","1992","tonnes","10313740","*","Unofficial figure"
"QL","Livestock Primary","231","United States of America","5510","Production","944","Meat indigenous, cattle","1993","1993","tonnes","10225537","*","Unofficial figure"
"QL","Livestock Primary","231","United States of America","5510","Production","944","Meat indigenous, cattle","1994","1994","tonnes","10903521","*","Unofficial figure"
"QL","Livestock Primary","231","United States of America","5510","Production","944","Meat indigenous, cattle","1995","1995","tonnes","11166220","*","Unofficial figure"
"QL","Livestock Primary","231","United States of America","5510","Production","944","Meat indigenous, cattle","1996","1996","tonnes","11476252","*","Unofficial figure"
"QL","Livestock Primary","231","United States of America","5510","Production","944","Meat indigenous, cattle","1997","1997","tonnes","11441443","*","Unofficial figure"
"QL","Livestock Primary","231","United States of America","5510","Production","944","Meat indigenous, cattle","1998","1998","tonnes","11334700","*","Unofficial figure"
"QL","Livestock Primary","231","United States of America","5510","Production","944","Meat indigenous, cattle","1999","1999","tonnes","11763200","*","Unofficial figure"
"QL","Livestock Primary","231","United States of America","5510","Production","944","Meat indigenous, cattle","2000","2000","tonnes","11990000","*","Unofficial figure"
"QL","Livestock Primary","231","United States of America","5510","Production","944","Meat indigenous, cattle","2001","2001","tonnes","11635000","*","Unofficial figure"
"QL","Livestock Primary","231","United States of America","5510","Production","944","Meat indigenous, cattle","2002","2002","tonnes","11815000","*","Unofficial figure"
"QL","Livestock Primary","231","United States of America","5510","Production","944","Meat indigenous, cattle","2003","2003","tonnes","11755000","*","Unofficial figure"
"QL","Livestock Primary","231","United States of America","5510","Production","944","Meat indigenous, cattle","2004","2004","tonnes","10856000","*","Unofficial figure"
"QL","Livestock Primary","231","United States of America","5510","Production","944","Meat indigenous, cattle","2005","2005","tonnes","10807000","*","Unofficial figure"
"QL","Livestock Primary","231","United States of America","5510","Production","944","Meat indigenous, cattle","2006","2006","tonnes","11295000","F","FAO estimate"
"QL","Livestock Primary","231","United States of America","5510","Production","944","Meat indigenous, cattle","2007","2007","tonnes","11110000","F","FAO estimate"
"QL","Livestock Primary","231","United States of America","5510","Production","944","Meat indigenous, cattle","2008","2008","tonnes","11409000","F","FAO estimate"
"QL","Livestock Primary","231","United States of America","5510","Production","944","Meat indigenous, cattle","2009","2009","tonnes","11212000","F","FAO estimate"
"QL","Livestock Primary","231","United States of America","5510","Production","944","Meat indigenous, cattle","2010","2010","tonnes","11288880","F","FAO estimate"
"QL","Livestock Primary","231","United States of America","5510","Production","944","Meat indigenous, cattle","2011","2011","tonnes","11266300","F","FAO estimate"
"QL","Livestock Primary","231","United States of America","5510","Production","944","Meat indigenous, cattle","2012","2012","tonnes","10847300","F","FAO estimate"
"QL","Livestock Primary","231","United States of America","5510","Production","944","Meat indigenous, cattle","2013","2013","tonnes","11019600","F","FAO estimate"
"QL","Livestock Primary","231","United States of America","5322","Production","1055","Meat indigenous, pig","1980","1980","Head","96943003","","Official data"
"QL","Livestock Primary","231","United States of America","5322","Production","1055","Meat indigenous, pig","1981","1981","Head","92348429","","Official data"
"QL","Livestock Primary","231","United States of America","5322","Production","1055","Meat indigenous, pig","1982","1982","Head","82587244","","Official data"
"QL","Livestock Primary","231","United States of America","5322","Production","1055","Meat indigenous, pig","1983","1983","Head","87677141","","Official data"
"QL","Livestock Primary","231","United States of America","5322","Production","1055","Meat indigenous, pig","1984","1984","Head","84334578","","Official data"
"QL","Livestock Primary","231","United States of America","5322","Production","1055","Meat indigenous, pig","1985","1985","Head","83729589","","Official data"
"QL","Livestock Primary","231","United States of America","5322","Production","1055","Meat indigenous, pig","1986","1986","Head","79468445","","Official data"
"QL","Livestock Primary","231","United States of America","5322","Production","1055","Meat indigenous, pig","1987","1987","Head","80983353","","Official data"
"QL","Livestock Primary","231","United States of America","5322","Production","1055","Meat indigenous, pig","1988","1988","Head","87391688","","Official data"
"QL","Livestock Primary","231","United States of America","5322","Production","1055","Meat indigenous, pig","1989","1989","Head","88028955","","Official data"
"QL","Livestock Primary","231","United States of America","5322","Production","1055","Meat indigenous, pig","1990","1990","Head","84598029","","Official data"
"QL","Livestock Primary","231","United States of America","5322","Production","1055","Meat indigenous, pig","1991","1991","Head","87815258","","Official data"
"QL","Livestock Primary","231","United States of America","5322","Production","1055","Meat indigenous, pig","1992","1992","Head","94319162","","Official data"
"QL","Livestock Primary","231","United States of America","5322","Production","1055","Meat indigenous, pig","1993","1993","Head","92269586","","Official data"
"QL","Livestock Primary","231","United States of America","5322","Production","1055","Meat indigenous, pig","1994","1994","Head","94911874","","Official data"
"QL","Livestock Primary","231","United States of America","5322","Production","1055","Meat indigenous, pig","1995","1995","Head","94591921","","Official data"
"QL","Livestock Primary","231","United States of America","5322","Production","1055","Meat indigenous, pig","1996","1996","Head","89670708","","Official data"
"QL","Livestock Primary","231","United States of America","5322","Production","1055","Meat indigenous, pig","1997","1997","Head","88837519","","Official data"
"QL","Livestock Primary","231","United States of America","5322","Production","1055","Meat indigenous, pig","1998","1998","Head","97135540","","Official data"
"QL","Livestock Primary","231","United States of America","5322","Production","1055","Meat indigenous, pig","1999","1999","Head","97735426","","Official data"
"QL","Livestock Primary","231","United States of America","5322","Production","1055","Meat indigenous, pig","2000","2000","Head","93815987","","Official data"
"QL","Livestock Primary","231","United States of America","5322","Production","1055","Meat indigenous, pig","2001","2001","Head","92809824","","Official data"
"QL","Livestock Primary","231","United States of America","5322","Production","1055","Meat indigenous, pig","2002","2002","Head","94842984","","Official data"
"QL","Livestock Primary","231","United States of America","5322","Production","1055","Meat indigenous, pig","2003","2003","Head","93776048","","Official data"
"QL","Livestock Primary","231","United States of America","5322","Production","1055","Meat indigenous, pig","2004","2004","Head","95252161","","Official data"
"QL","Livestock Primary","231","United States of America","5322","Production","1055","Meat indigenous, pig","2005","2005","Head","98859704","","Official data"
"QL","Livestock Primary","231","United States of America","5322","Production","1055","Meat indigenous, pig","2006","2006","Head","96245686","","Official data"
"QL","Livestock Primary","231","United States of America","5322","Production","1055","Meat indigenous, pig","2007","2007","Head","98270368","","Official data"
"QL","Livestock Primary","231","United States of America","5322","Production","1055","Meat indigenous, pig","2008","2008","Head","107307979","","Official data"
"QL","Livestock Primary","231","United States of America","5322","Production","1055","Meat indigenous, pig","2009","2009","Head","107390492","","Official data"
"QL","Livestock Primary","231","United States of America","5322","Production","1055","Meat indigenous, pig","2010","2010","Head","104642089","","Official data"
"QL","Livestock Primary","231","United States of America","5322","Production","1055","Meat indigenous, pig","2011","2011","Head","105196530","","Official data"
"QL","Livestock Primary","231","United States of America","5322","Production","1055","Meat indigenous, pig","2012","2012","Head","107486830","","Official data"
"QL","Livestock Primary","231","United States of America","5322","Production","1055","Meat indigenous, pig","2013","2013","Head","106388130","","Official data"
"QL","Livestock Primary","231","United States of America","5417","Yield/Carcass Weight","1055","Meat indigenous, pig","1980","1980","hg/An","776","Fc","Calculated data"
"QL","Livestock Primary","231","United States of America","5417","Yield/Carcass Weight","1055","Meat indigenous, pig","1981","1981","hg/An","779","Fc","Calculated data"
"QL","Livestock Primary","231","United States of America","5417","Yield/Carcass Weight","1055","Meat indigenous, pig","1982","1982","hg/An","779","Fc","Calculated data"
"QL","Livestock Primary","231","United States of America","5417","Yield/Carcass Weight","1055","Meat indigenous, pig","1983","1983","hg/An","783","Fc","Calculated data"
"QL","Livestock Primary","231","United States of America","5417","Yield/Carcass Weight","1055","Meat indigenous, pig","1984","1984","hg/An","785","Fc","Calculated data"
"QL","Livestock Primary","231","United States of America","5417","Yield/Carcass Weight","1055","Meat indigenous, pig","1985","1985","hg/An","791","Fc","Calculated data"
"QL","Livestock Primary","231","United States of America","5417","Yield/Carcass Weight","1055","Meat indigenous, pig","1986","1986","hg/An","798","Fc","Calculated data"
"QL","Livestock Primary","231","United States of America","5417","Yield/Carcass Weight","1055","Meat indigenous, pig","1987","1987","hg/An","801","Fc","Calculated data"
"QL","Livestock Primary","231","United States of America","5417","Yield/Carcass Weight","1055","Meat indigenous, pig","1988","1988","hg/An","807","Fc","Calculated data"
"QL","Livestock Primary","231","United States of America","5417","Yield/Carcass Weight","1055","Meat indigenous, pig","1989","1989","hg/An","806","Fc","Calculated data"
"QL","Livestock Primary","231","United States of America","5417","Yield/Carcass Weight","1055","Meat indigenous, pig","1990","1990","hg/An","815","Fc","Calculated data"
"QL","Livestock Primary","231","United States of America","5417","Yield/Carcass Weight","1055","Meat indigenous, pig","1991","1991","hg/An","819","Fc","Calculated data"
"QL","Livestock Primary","231","United States of America","5417","Yield/Carcass Weight","1055","Meat indigenous, pig","1992","1992","hg/An","824","Fc","Calculated data"
"QL","Livestock Primary","231","United States of America","5417","Yield/Carcass Weight","1055","Meat indigenous, pig","1993","1993","hg/An","833","Fc","Calculated data"
"QL","Livestock Primary","231","United States of America","5417","Yield/Carcass Weight","1055","Meat indigenous, pig","1994","1994","hg/An","839","Fc","Calculated data"
"QL","Livestock Primary","231","United States of America","5417","Yield/Carcass Weight","1055","Meat indigenous, pig","1995","1995","hg/An","841","Fc","Calculated data"
"QL","Livestock Primary","231","United States of America","5417","Yield/Carcass Weight","1055","Meat indigenous, pig","1996","1996","hg/An","840","Fc","Calculated data"
"QL","Livestock Primary","231","United States of America","5417","Yield/Carcass Weight","1055","Meat indigenous, pig","1997","1997","hg/An","852","Fc","Calculated data"
"QL","Livestock Primary","231","United States of America","5417","Yield/Carcass Weight","1055","Meat indigenous, pig","1998","1998","hg/An","864","Fc","Calculated data"
"QL","Livestock Primary","231","United States of America","5417","Yield/Carcass Weight","1055","Meat indigenous, pig","1999","1999","hg/An","876","Fc","Calculated data"
"QL","Livestock Primary","231","United States of America","5417","Yield/Carcass Weight","1055","Meat indigenous, pig","2000","2000","hg/An","894","Fc","Calculated data"
"QL","Livestock Primary","231","United States of America","5417","Yield/Carcass Weight","1055","Meat indigenous, pig","2001","2001","hg/An","909","Fc","Calculated data"
"QL","Livestock Primary","231","United States of America","5417","Yield/Carcass Weight","1055","Meat indigenous, pig","2002","2002","hg/An","917","Fc","Calculated data"
"QL","Livestock Primary","231","United States of America","5417","Yield/Carcass Weight","1055","Meat indigenous, pig","2003","2003","hg/An","934","Fc","Calculated data"
"QL","Livestock Primary","231","United States of America","5417","Yield/Carcass Weight","1055","Meat indigenous, pig","2004","2004","hg/An","931","Fc","Calculated data"
"QL","Livestock Primary","231","United States of America","5417","Yield/Carcass Weight","1055","Meat indigenous, pig","2005","2005","hg/An","906","Fc","Calculated data"
"QL","Livestock Primary","231","United States of America","5417","Yield/Carcass Weight","1055","Meat indigenous, pig","2006","2006","hg/An","943","Fc","Calculated data"
"QL","Livestock Primary","231","United States of America","5417","Yield/Carcass Weight","1055","Meat indigenous, pig","2007","2007","hg/An","957","Fc","Calculated data"
"QL","Livestock Primary","231","United States of America","5417","Yield/Carcass Weight","1055","Meat indigenous, pig","2008","2008","hg/An","940","Fc","Calculated data"
"QL","Livestock Primary","231","United States of America","5417","Yield/Carcass Weight","1055","Meat indigenous, pig","2009","2009","hg/An","925","Fc","Calculated data"
"QL","Livestock Primary","231","United States of America","5417","Yield/Carcass Weight","1055","Meat indigenous, pig","2010","2010","hg/An","926","Fc","Calculated data"
"QL","Livestock Primary","231","United States of America","5417","Yield/Carcass Weight","1055","Meat indigenous, pig","2011","2011","hg/An","933","Fc","Calculated data"
"QL","Livestock Primary","231","United States of America","5417","Yield/Carcass Weight","1055","Meat indigenous, pig","2012","2012","hg/An","923","Fc","Calculated data"
"QL","Livestock Primary","231","United States of America","5417","Yield/Carcass Weight","1055","Meat indigenous, pig","2013","2013","hg/An","928","Fc","Calculated data"
"QL","Livestock Primary","231","United States of America","5510","Production","1055","Meat indigenous, pig","1980","1980","tonnes","7518500","*","Unofficial figure"
"QL","Livestock Primary","231","United States of America","5510","Production","1055","Meat indigenous, pig","1981","1981","tonnes","7190000","*","Unofficial figure"
"QL","Livestock Primary","231","United States of America","5510","Production","1055","Meat indigenous, pig","1982","1982","tonnes","6435000","*","Unofficial figure"
"QL","Livestock Primary","231","United States of America","5510","Production","1055","Meat indigenous, pig","1983","1983","tonnes","6863500","*","Unofficial figure"
"QL","Livestock Primary","231","United States of America","5510","Production","1055","Meat indigenous, pig","1984","1984","tonnes","6620300","*","Unofficial figure"
"QL","Livestock Primary","231","United States of America","5510","Production","1055","Meat indigenous, pig","1985","1985","tonnes","6623000","*","Unofficial figure"
"QL","Livestock Primary","231","United States of America","5510","Production","1055","Meat indigenous, pig","1986","1986","tonnes","6341600","*","Unofficial figure"
"QL","Livestock Primary","231","United States of America","5510","Production","1055","Meat indigenous, pig","1987","1987","tonnes","6486800","*","Unofficial figure"
"QL","Livestock Primary","231","United States of America","5510","Production","1055","Meat indigenous, pig","1988","1988","tonnes","7052500","*","Unofficial figure"
"QL","Livestock Primary","231","United States of America","5510","Production","1055","Meat indigenous, pig","1989","1989","tonnes","7094000","*","Unofficial figure"
"QL","Livestock Primary","231","United States of America","5510","Production","1055","Meat indigenous, pig","1990","1990","tonnes","6897000","*","Unofficial figure"
"QL","Livestock Primary","231","United States of America","5510","Production","1055","Meat indigenous, pig","1991","1991","tonnes","7192069","*","Unofficial figure"
"QL","Livestock Primary","231","United States of America","5510","Production","1055","Meat indigenous, pig","1992","1992","tonnes","7771898","*","Unofficial figure"
"QL","Livestock Primary","231","United States of America","5510","Production","1055","Meat indigenous, pig","1993","1993","tonnes","7686056","*","Unofficial figure"
"QL","Livestock Primary","231","United States of America","5510","Production","1055","Meat indigenous, pig","1994","1994","tonnes","7963106","*","Unofficial figure"
"QL","Livestock Primary","231","United States of America","5510","Production","1055","Meat indigenous, pig","1995","1995","tonnes","7955180","*","Unofficial figure"
"QL","Livestock Primary","231","United States of America","5510","Production","1055","Meat indigenous, pig","1996","1996","tonnes","7532338","*","Unofficial figure"
"QL","Livestock Primary","231","United States of America","5510","Production","1055","Meat indigenous, pig","1997","1997","tonnes","7568956","*","Unofficial figure"
"QL","Livestock Primary","231","United States of America","5510","Production","1055","Meat indigenous, pig","1998","1998","tonnes","8391500","*","Unofficial figure"
"QL","Livestock Primary","231","United States of America","5510","Production","1055","Meat indigenous, pig","1999","1999","tonnes","8558190","*","Unofficial figure"
"QL","Livestock Primary","231","United States of America","5510","Production","1055","Meat indigenous, pig","2000","2000","tonnes","8386510","*","Unofficial figure"
"QL","Livestock Primary","231","United States of America","5510","Production","1055","Meat indigenous, pig","2001","2001","tonnes","8435000","*","Unofficial figure"
"QL","Livestock Primary","231","United States of America","5510","Production","1055","Meat indigenous, pig","2002","2002","tonnes","8700000","*","Unofficial figure"
"QL","Livestock Primary","231","United States of America","5510","Production","1055","Meat indigenous, pig","2003","2003","tonnes","8755000","*","Unofficial figure"
"QL","Livestock Primary","231","United States of America","5510","Production","1055","Meat indigenous, pig","2004","2004","tonnes","8868000","*","Unofficial figure"
"QL","Livestock Primary","231","United States of America","5510","Production","1055","Meat indigenous, pig","2005","2005","tonnes","8952000","*","Unofficial figure"
"QL","Livestock Primary","231","United States of America","5510","Production","1055","Meat indigenous, pig","2006","2006","tonnes","9077000","F","FAO estimate"
"QL","Livestock Primary","231","United States of America","5510","Production","1055","Meat indigenous, pig","2007","2007","tonnes","9409000","F","FAO estimate"
"QL","Livestock Primary","231","United States of America","5510","Production","1055","Meat indigenous, pig","2008","2008","tonnes","10090000","F","FAO estimate"
"QL","Livestock Primary","231","United States of America","5510","Production","1055","Meat indigenous, pig","2009","2009","tonnes","9933000","F","FAO estimate"
"QL","Livestock Primary","231","United States of America","5510","Production","1055","Meat indigenous, pig","2010","2010","tonnes","9685000","F","FAO estimate"
"QL","Livestock Primary","231","United States of America","5510","Production","1055","Meat indigenous, pig","2011","2011","tonnes","9820000","F","FAO estimate"
"QL","Livestock Primary","231","United States of America","5510","Production","1055","Meat indigenous, pig","2012","2012","tonnes","9921970","F","FAO estimate"
"QL","Livestock Primary","231","United States of America","5510","Production","1055","Meat indigenous, pig","2013","2013","tonnes","9876740","F","FAO estimate"
"QL","Livestock Primary","231","United States of America","5322","Production","1012","Meat indigenous, sheep","1980","1980","Head","5845000","","Official data"
"QL","Livestock Primary","231","United States of America","5322","Production","1012","Meat indigenous, sheep","1981","1981","Head","6411020","","Official data"
"QL","Livestock Primary","231","United States of America","5322","Production","1012","Meat indigenous, sheep","1982","1982","Head","6915220","","Official data"
"QL","Livestock Primary","231","United States of America","5322","Production","1012","Meat indigenous, sheep","1983","1983","Head","7005434","","Official data"
"QL","Livestock Primary","231","United States of America","5322","Production","1012","Meat indigenous, sheep","1984","1984","Head","7201054","","Official data"
"QL","Livestock Primary","231","United States of America","5322","Production","1012","Meat indigenous, sheep","1985","1985","Head","6639047","","Official data"
"QL","Livestock Primary","231","United States of America","5322","Production","1012","Meat indigenous, sheep","1986","1986","Head","5861773","","Official data"
"QL","Livestock Primary","231","United States of America","5322","Production","1012","Meat indigenous, sheep","1987","1987","Head","5327415","","Official data"
"QL","Livestock Primary","231","United States of America","5322","Production","1012","Meat indigenous, sheep","1988","1988","Head","5529675","","Official data"
"QL","Livestock Primary","231","United States of America","5322","Production","1012","Meat indigenous, sheep","1989","1989","Head","5747650","","Official data"
"QL","Livestock Primary","231","United States of America","5322","Production","1012","Meat indigenous, sheep","1990","1990","Head","6197679","","Official data"
"QL","Livestock Primary","231","United States of America","5322","Production","1012","Meat indigenous, sheep","1991","1991","Head","6600310","","Official data"
"QL","Livestock Primary","231","United States of America","5322","Production","1012","Meat indigenous, sheep","1992","1992","Head","6392912","","Official data"
"QL","Livestock Primary","231","United States of America","5322","Production","1012","Meat indigenous, sheep","1993","1993","Head","6112576","","Official data"
"QL","Livestock Primary","231","United States of America","5322","Production","1012","Meat indigenous, sheep","1994","1994","Head","5773422","","Official data"
"QL","Livestock Primary","231","United States of America","5322","Production","1012","Meat indigenous, sheep","1995","1995","Head","4874978","","Official data"
"QL","Livestock Primary","231","United States of America","5322","Production","1012","Meat indigenous, sheep","1996","1996","Head","4521057","","Official data"
"QL","Livestock Primary","231","United States of America","5322","Production","1012","Meat indigenous, sheep","1997","1997","Head","5329903","","Official data"
"QL","Livestock Primary","231","United States of America","5322","Production","1012","Meat indigenous, sheep","1998","1998","Head","4479985","","Official data"
"QL","Livestock Primary","231","United States of America","5322","Production","1012","Meat indigenous, sheep","1999","1999","Head","4159308","","Official data"
"QL","Livestock Primary","231","United States of America","5322","Production","1012","Meat indigenous, sheep","2000","2000","Head","3857263","","Official data"
"QL","Livestock Primary","231","United States of America","5322","Production","1012","Meat indigenous, sheep","2001","2001","Head","3589212","","Official data"
"QL","Livestock Primary","231","United States of America","5322","Production","1012","Meat indigenous, sheep","2002","2002","Head","3617343","","Official data"
"QL","Livestock Primary","231","United States of America","5322","Production","1012","Meat indigenous, sheep","2003","2003","Head","3147248","","Official data"
"QL","Livestock Primary","231","United States of America","5322","Production","1012","Meat indigenous, sheep","2004","2004","Head","2992884","","Official data"
"QL","Livestock Primary","231","United States of America","5322","Production","1012","Meat indigenous, sheep","2005","2005","Head","2833348","","Official data"
"QL","Livestock Primary","231","United States of America","5322","Production","1012","Meat indigenous, sheep","2006","2006","Head","2885148","","Official data"
"QL","Livestock Primary","231","United States of America","5322","Production","1012","Meat indigenous, sheep","2007","2007","Head","2644487","","Official data"
"QL","Livestock Primary","231","United States of America","5322","Production","1012","Meat indigenous, sheep","2008","2008","Head","2819106","","Official data"
"QL","Livestock Primary","231","United States of America","5322","Production","1012","Meat indigenous, sheep","2009","2009","Head","2768537","","Official data"
"QL","Livestock Primary","231","United States of America","5322","Production","1012","Meat indigenous, sheep","2010","2010","Head","2703577","","Official data"
"QL","Livestock Primary","231","United States of America","5322","Production","1012","Meat indigenous, sheep","2011","2011","Head","2326785","","Official data"
"QL","Livestock Primary","231","United States of America","5322","Production","1012","Meat indigenous, sheep","2012","2012","Head","2344685","","Official data"
"QL","Livestock Primary","231","United States of America","5322","Production","1012","Meat indigenous, sheep","2013","2013","Head","2481485","","Official data"
"QL","Livestock Primary","231","United States of America","5417","Yield/Carcass Weight","1012","Meat indigenous, sheep","1980","1980","hg/An","251","Fc","Calculated data"
"QL","Livestock Primary","231","United States of America","5417","Yield/Carcass Weight","1012","Meat indigenous, sheep","1981","1981","hg/An","247","Fc","Calculated data"
"QL","Livestock Primary","231","United States of America","5417","Yield/Carcass Weight","1012","Meat indigenous, sheep","1982","1982","hg/An","249","Fc","Calculated data"
"QL","Livestock Primary","231","United States of America","5417","Yield/Carcass Weight","1012","Meat indigenous, sheep","1983","1983","hg/An","251","Fc","Calculated data"
"QL","Livestock Primary","231","United States of America","5417","Yield/Carcass Weight","1012","Meat indigenous, sheep","1984","1984","hg/An","250","Fc","Calculated data"
"QL","Livestock Primary","231","United States of America","5417","Yield/Carcass Weight","1012","Meat indigenous, sheep","1985","1985","hg/An","257","Fc","Calculated data"
"QL","Livestock Primary","231","United States of America","5417","Yield/Carcass Weight","1012","Meat indigenous, sheep","1986","1986","hg/An","266","Fc","Calculated data"
"QL","Livestock Primary","231","United States of America","5417","Yield/Carcass Weight","1012","Meat indigenous, sheep","1987","1987","hg/An","269","Fc","Calculated data"
"QL","Livestock Primary","231","United States of America","5417","Yield/Carcass Weight","1012","Meat indigenous, sheep","1988","1988","hg/An","282","Fc","Calculated data"
"QL","Livestock Primary","231","United States of America","5417","Yield/Carcass Weight","1012","Meat indigenous, sheep","1989","1989","hg/An","283","Fc","Calculated data"
"QL","Livestock Primary","231","United States of America","5417","Yield/Carcass Weight","1012","Meat indigenous, sheep","1990","1990","hg/An","286","Fc","Calculated data"
"QL","Livestock Primary","231","United States of America","5417","Yield/Carcass Weight","1012","Meat indigenous, sheep","1991","1991","hg/An","283","Fc","Calculated data"
"QL","Livestock Primary","231","United States of America","5417","Yield/Carcass Weight","1012","Meat indigenous, sheep","1992","1992","hg/An","283","Fc","Calculated data"
"QL","Livestock Primary","231","United States of America","5417","Yield/Carcass Weight","1012","Meat indigenous, sheep","1993","1993","hg/An","289","Fc","Calculated data"
"QL","Livestock Primary","231","United States of America","5417","Yield/Carcass Weight","1012","Meat indigenous, sheep","1994","1994","hg/An","279","Fc","Calculated data"
"QL","Livestock Primary","231","United States of America","5417","Yield/Carcass Weight","1012","Meat indigenous, sheep","1995","1995","hg/An","281","Fc","Calculated data"
"QL","Livestock Primary","231","United States of America","5417","Yield/Carcass Weight","1012","Meat indigenous, sheep","1996","1996","hg/An","286","Fc","Calculated data"
"QL","Livestock Primary","231","United States of America","5417","Yield/Carcass Weight","1012","Meat indigenous, sheep","1997","1997","hg/An","297","Fc","Calculated data"
"QL","Livestock Primary","231","United States of America","5417","Yield/Carcass Weight","1012","Meat indigenous, sheep","1998","1998","hg/An","302","Fc","Calculated data"
"QL","Livestock Primary","231","United States of America","5417","Yield/Carcass Weight","1012","Meat indigenous, sheep","1999","1999","hg/An","302","Fc","Calculated data"
"QL","Livestock Primary","231","United States of America","5417","Yield/Carcass Weight","1012","Meat indigenous, sheep","2000","2000","hg/An","302","Fc","Calculated data"
"QL","Livestock Primary","231","United States of America","5417","Yield/Carcass Weight","1012","Meat indigenous, sheep","2001","2001","hg/An","309","Fc","Calculated data"
"QL","Livestock Primary","231","United States of America","5417","Yield/Carcass Weight","1012","Meat indigenous, sheep","2002","2002","hg/An","304","Fc","Calculated data"
"QL","Livestock Primary","231","United States of America","5417","Yield/Carcass Weight","1012","Meat indigenous, sheep","2003","2003","hg/An","303","Fc","Calculated data"
"QL","Livestock Primary","231","United States of America","5417","Yield/Carcass Weight","1012","Meat indigenous, sheep","2004","2004","hg/An","313","Fc","Calculated data"
"QL","Livestock Primary","231","United States of America","5417","Yield/Carcass Weight","1012","Meat indigenous, sheep","2005","2005","hg/An","308","Fc","Calculated data"
"QL","Livestock Primary","231","United States of America","5417","Yield/Carcass Weight","1012","Meat indigenous, sheep","2006","2006","hg/An","303","Fc","Calculated data"
"QL","Livestock Primary","231","United States of America","5417","Yield/Carcass Weight","1012","Meat indigenous, sheep","2007","2007","hg/An","327","Fc","Calculated data"
"QL","Livestock Primary","231","United States of America","5417","Yield/Carcass Weight","1012","Meat indigenous, sheep","2008","2008","hg/An","309","Fc","Calculated data"
"QL","Livestock Primary","231","United States of America","5417","Yield/Carcass Weight","1012","Meat indigenous, sheep","2009","2009","hg/An","308","Fc","Calculated data"
"QL","Livestock Primary","231","United States of America","5417","Yield/Carcass Weight","1012","Meat indigenous, sheep","2010","2010","hg/An","299","Fc","Calculated data"
"QL","Livestock Primary","231","United States of America","5417","Yield/Carcass Weight","1012","Meat indigenous, sheep","2011","2011","hg/An","308","Fc","Calculated data"
"QL","Livestock Primary","231","United States of America","5417","Yield/Carcass Weight","1012","Meat indigenous, sheep","2012","2012","hg/An","321","Fc","Calculated data"
"QL","Livestock Primary","231","United States of America","5417","Yield/Carcass Weight","1012","Meat indigenous, sheep","2013","2013","hg/An","282","Fc","Calculated data"
"QL","Livestock Primary","231","United States of America","5510","Production","1012","Meat indigenous, sheep","1980","1980","tonnes","146825","*","Unofficial figure"
"QL","Livestock Primary","231","United States of America","5510","Production","1012","Meat indigenous, sheep","1981","1981","tonnes","158350","*","Unofficial figure"
"QL","Livestock Primary","231","United States of America","5510","Production","1012","Meat indigenous, sheep","1982","1982","tonnes","172200","*","Unofficial figure"
"QL","Livestock Primary","231","United States of America","5510","Production","1012","Meat indigenous, sheep","1983","1983","tonnes","175800","*","Unofficial figure"
"QL","Livestock Primary","231","United States of America","5510","Production","1012","Meat indigenous, sheep","1984","1984","tonnes","179800","*","Unofficial figure"
"QL","Livestock Primary","231","United States of America","5510","Production","1012","Meat indigenous, sheep","1985","1985","tonnes","170600","*","Unofficial figure"
"QL","Livestock Primary","231","United States of America","5510","Production","1012","Meat indigenous, sheep","1986","1986","tonnes","155900","*","Unofficial figure"
"QL","Livestock Primary","231","United States of America","5510","Production","1012","Meat indigenous, sheep","1987","1987","tonnes","143500","*","Unofficial figure"
"QL","Livestock Primary","231","United States of America","5510","Production","1012","Meat indigenous, sheep","1988","1988","tonnes","155900","*","Unofficial figure"
"QL","Livestock Primary","231","United States of America","5510","Production","1012","Meat indigenous, sheep","1989","1989","tonnes","162740","*","Unofficial figure"
"QL","Livestock Primary","231","United States of America","5510","Production","1012","Meat indigenous, sheep","1990","1990","tonnes","177450","*","Unofficial figure"
"QL","Livestock Primary","231","United States of America","5510","Production","1012","Meat indigenous, sheep","1991","1991","tonnes","186788","*","Unofficial figure"
"QL","Livestock Primary","231","United States of America","5510","Production","1012","Meat indigenous, sheep","1992","1992","tonnes","180919","*","Unofficial figure"
"QL","Livestock Primary","231","United States of America","5510","Production","1012","Meat indigenous, sheep","1993","1993","tonnes","176653","*","Unofficial figure"
"QL","Livestock Primary","231","United States of America","5510","Production","1012","Meat indigenous, sheep","1994","1994","tonnes","161078","*","Unofficial figure"
"QL","Livestock Primary","231","United States of America","5510","Production","1012","Meat indigenous, sheep","1995","1995","tonnes","136986","*","Unofficial figure"
"QL","Livestock Primary","231","United States of America","5510","Production","1012","Meat indigenous, sheep","1996","1996","tonnes","129302","*","Unofficial figure"
"QL","Livestock Primary","231","United States of America","5510","Production","1012","Meat indigenous, sheep","1997","1997","tonnes","158298","*","Unofficial figure"
"QL","Livestock Primary","231","United States of America","5510","Production","1012","Meat indigenous, sheep","1998","1998","tonnes","135120","*","Unofficial figure"
"QL","Livestock Primary","231","United States of America","5510","Production","1012","Meat indigenous, sheep","1999","1999","tonnes","125570","*","Unofficial figure"
"QL","Livestock Primary","231","United States of America","5510","Production","1012","Meat indigenous, sheep","2000","2000","tonnes","116410","*","Unofficial figure"
"QL","Livestock Primary","231","United States of America","5510","Production","1012","Meat indigenous, sheep","2001","2001","tonnes","111040","*","Unofficial figure"
"QL","Livestock Primary","231","United States of America","5510","Production","1012","Meat indigenous, sheep","2002","2002","tonnes","109800","*","Unofficial figure"
"QL","Livestock Primary","231","United States of America","5510","Production","1012","Meat indigenous, sheep","2003","2003","tonnes","95500","*","Unofficial figure"
"QL","Livestock Primary","231","United States of America","5510","Production","1012","Meat indigenous, sheep","2004","2004","tonnes","93600","*","Unofficial figure"
"QL","Livestock Primary","231","United States of America","5510","Production","1012","Meat indigenous, sheep","2005","2005","tonnes","87200","*","Unofficial figure"
"QL","Livestock Primary","231","United States of America","5510","Production","1012","Meat indigenous, sheep","2006","2006","tonnes","87500","F","FAO estimate"
"QL","Livestock Primary","231","United States of America","5510","Production","1012","Meat indigenous, sheep","2007","2007","tonnes","86500","F","FAO estimate"
"QL","Livestock Primary","231","United States of America","5510","Production","1012","Meat indigenous, sheep","2008","2008","tonnes","87000","F","FAO estimate"
"QL","Livestock Primary","231","United States of America","5510","Production","1012","Meat indigenous, sheep","2009","2009","tonnes","85270","F","FAO estimate"
"QL","Livestock Primary","231","United States of America","5510","Production","1012","Meat indigenous, sheep","2010","2010","tonnes","80837","F","FAO estimate"
"QL","Livestock Primary","231","United States of America","5510","Production","1012","Meat indigenous, sheep","2011","2011","tonnes","71664","F","FAO estimate"
"QL","Livestock Primary","231","United States of America","5510","Production","1012","Meat indigenous, sheep","2012","2012","tonnes","75264","F","FAO estimate"
"QL","Livestock Primary","231","United States of America","5510","Production","1012","Meat indigenous, sheep","2013","2013","tonnes","69971","F","FAO estimate"
